{
  "title": "Predictive Maintenance Intelligence",
  "best_model": "RandomForest",
  "operational_score": 0.9301546705638777,
  "test_accuracy": 0.961,
  "test_roc_auc": 0.9784397454634027,
  "test_f1": 0.61,
  "test_average_precision": 0.8427208372170278,
  "feature_count": 16,
  "alert_rate": 0.066,
  "captured_failures": 0.8970588235294118,
  "recommended_threshold": 0.1
}