{
  "hero": {
    "title": "Predictive Maintenance Intelligence",
    "subtitle": "Live maintenance risk monitoring, alert quality, and model diagnostics in one cinematic control room."
  },
  "model": {
    "name": "RandomForest",
    "metrics": {
      "accuracy": 0.961,
      "balanced_accuracy": 0.9301546705638777,
      "precision": 0.4621212121212121,
      "recall": 0.8970588235294118,
      "f1": 0.61,
      "roc_auc": 0.9784397454634027,
      "average_precision": 0.8427208372170278
    },
    "feature_count": 16,
    "numeric_features": [
      "air_temp_k",
      "process_temp_k",
      "rotational_speed_rpm",
      "torque_nm",
      "tool_wear_min",
      "temp_delta_k",
      "power_proxy",
      "wear_power_ratio",
      "torque_speed_ratio",
      "thermal_load",
      "wear_temp_stress",
      "high_torque_flag",
      "low_speed_flag"
    ],
    "categorical_features": [
      "product_type",
      "source_dataset",
      "wear_risk_band"
    ]
  },
  "evaluation": {
    "model_name": "RandomForest",
    "classification_metrics": {
      "accuracy": 0.961,
      "balanced_accuracy": 0.9301546705638777,
      "precision": 0.4621212121212121,
      "recall": 0.8970588235294118,
      "f1": 0.61,
      "roc_auc": 0.9784397454634027,
      "average_precision": 0.8427208372170278
    },
    "confusion_matrix": {
      "tn": 1861,
      "fp": 71,
      "fn": 7,
      "tp": 61
    },
    "operations_metrics": {
      "alert_rate": 0.066,
      "failure_prevalence": 0.034,
      "captured_failures": 0.8970588235294118,
      "false_alarm_share": 0.5378787878787878,
      "operational_score": 0.9301546705638777,
      "recommended_threshold": 0.1
    },
    "threshold_curve": [
      {
        "threshold": 0.1,
        "balanced_accuracy": 0.9301546705638777,
        "precision": 0.4621212121212121,
        "recall": 0.8970588235294118,
        "f1": 0.61,
        "alert_rate": 0.066
      },
      {
        "threshold": 0.15,
        "balanced_accuracy": 0.924765558397272,
        "precision": 0.6276595744680851,
        "recall": 0.8676470588235294,
        "f1": 0.7283950617283951,
        "alert_rate": 0.047
      },
      {
        "threshold": 0.2,
        "balanced_accuracy": 0.9220710023139691,
        "precision": 0.7733333333333333,
        "recall": 0.8529411764705882,
        "f1": 0.8111888111888111,
        "alert_rate": 0.0375
      },
      {
        "threshold": 0.25,
        "balanced_accuracy": 0.9162708561685544,
        "precision": 0.8382352941176471,
        "recall": 0.8382352941176471,
        "f1": 0.8382352941176471,
        "alert_rate": 0.034
      },
      {
        "threshold": 0.3,
        "balanced_accuracy": 0.9091767141639264,
        "precision": 0.8484848484848485,
        "recall": 0.8235294117647058,
        "f1": 0.835820895522388,
        "alert_rate": 0.033
      },
      {
        "threshold": 0.35,
        "balanced_accuracy": 0.9020825721592984,
        "precision": 0.859375,
        "recall": 0.8088235294117647,
        "f1": 0.8333333333333334,
        "alert_rate": 0.032
      },
      {
        "threshold": 0.4,
        "balanced_accuracy": 0.8742236024844721,
        "precision": 0.9444444444444444,
        "recall": 0.75,
        "f1": 0.8360655737704918,
        "alert_rate": 0.027
      },
      {
        "threshold": 0.45,
        "balanced_accuracy": 0.8595177201315309,
        "precision": 0.9423076923076923,
        "recall": 0.7205882352941176,
        "f1": 0.8166666666666667,
        "alert_rate": 0.026
      },
      {
        "threshold": 0.5,
        "balanced_accuracy": 0.8448118377785897,
        "precision": 0.94,
        "recall": 0.6911764705882353,
        "f1": 0.7966101694915254,
        "alert_rate": 0.025
      },
      {
        "threshold": 0.55,
        "balanced_accuracy": 0.8303647545974912,
        "precision": 0.9574468085106383,
        "recall": 0.6617647058823529,
        "f1": 0.782608695652174,
        "alert_rate": 0.0235
      },
      {
        "threshold": 0.6,
        "balanced_accuracy": 0.7715412251857264,
        "precision": 0.9487179487179487,
        "recall": 0.5441176470588235,
        "f1": 0.6915887850467289,
        "alert_rate": 0.0195
      },
      {
        "threshold": 0.65,
        "balanced_accuracy": 0.7494824016563146,
        "precision": 0.9444444444444444,
        "recall": 0.5,
        "f1": 0.6538461538461539,
        "alert_rate": 0.018
      },
      {
        "threshold": 0.7,
        "balanced_accuracy": 0.6980118134210206,
        "precision": 0.9310344827586207,
        "recall": 0.39705882352941174,
        "f1": 0.5567010309278351,
        "alert_rate": 0.0145
      },
      {
        "threshold": 0.75,
        "balanced_accuracy": 0.6612471075386677,
        "precision": 0.9166666666666666,
        "recall": 0.3235294117647059,
        "f1": 0.4782608695652174,
        "alert_rate": 0.012
      },
      {
        "threshold": 0.8,
        "balanced_accuracy": 0.6244824016563146,
        "precision": 0.8947368421052632,
        "recall": 0.25,
        "f1": 0.39080459770114945,
        "alert_rate": 0.0095
      },
      {
        "threshold": 0.85,
        "balanced_accuracy": 0.5879764949458044,
        "precision": 0.9230769230769231,
        "recall": 0.17647058823529413,
        "f1": 0.2962962962962963,
        "alert_rate": 0.0065
      },
      {
        "threshold": 0.9,
        "balanced_accuracy": 0.5441176470588235,
        "precision": 1.0,
        "recall": 0.08823529411764706,
        "f1": 0.16216216216216217,
        "alert_rate": 0.003
      }
    ]
  },
  "leaderboard": [
    {
      "model_name": "RandomForest",
      "threshold": 0.1,
      "validation_accuracy": 0.961,
      "validation_balanced_accuracy": 0.908872244549994,
      "validation_precision": 0.4603174603174603,
      "validation_recall": 0.8529411764705882,
      "validation_f1": 0.5979381443298969,
      "validation_roc_auc": 0.9688793995859212,
      "validation_average_precision": 0.8273678177156374,
      "test_accuracy": 0.959,
      "test_balanced_accuracy": 0.9291194738765072,
      "test_precision": 0.4485294117647059,
      "test_recall": 0.8970588235294118,
      "test_f1": 0.5980392156862745,
      "test_roc_auc": 0.9753722141030324,
      "test_average_precision": 0.8370809734294258
    },
    {
      "model_name": "GradientBoosting",
      "threshold": 0.1,
      "validation_accuracy": 0.9815,
      "validation_balanced_accuracy": 0.8982005845816587,
      "validation_precision": 0.6962025316455697,
      "validation_recall": 0.8088235294117647,
      "validation_f1": 0.7482993197278912,
      "validation_roc_auc": 0.9864472963098284,
      "validation_average_precision": 0.8594017707339294,
      "test_accuracy": 0.9835,
      "test_balanced_accuracy": 0.9276123492875412,
      "test_precision": 0.7108433734939759,
      "test_recall": 0.8676470588235294,
      "test_f1": 0.7814569536423841,
      "test_roc_auc": 0.978980179028133,
      "test_average_precision": 0.8950319402622671
    },
    {
      "model_name": "LogisticRegression",
      "threshold": 0.45,
      "validation_accuracy": 0.8585,
      "validation_balanced_accuracy": 0.8841949823407624,
      "validation_precision": 0.1828908554572271,
      "validation_recall": 0.9117647058823528,
      "validation_f1": 0.3046683046683047,
      "validation_roc_auc": 0.945203081232493,
      "validation_average_precision": 0.4703777603263194,
      "test_accuracy": 0.8665,
      "test_balanced_accuracy": 0.8812416270856169,
      "test_precision": 0.190031152647975,
      "test_recall": 0.8970588235294118,
      "test_f1": 0.313624678663239,
      "test_roc_auc": 0.9474942150773352,
      "test_average_precision": 0.53016888306244
    },
    {
      "model_name": "ExtraTrees",
      "threshold": 0.1,
      "validation_accuracy": 0.947,
      "validation_balanced_accuracy": 0.880343441724516,
      "validation_precision": 0.3716216216216216,