{
  "hero": {
    "title": "Predictive Maintenance Intelligence",
    "subtitle": "Live maintenance risk monitoring, alert quality, and model diagnostics in one cinematic control room."
  },
  "model": {
    "name": "GradientBoosting",
    "metrics": {
      "accuracy": 0.988,
      "balanced_accuracy": 0.8905255366395263,
      "precision": 0.859375,
      "recall": 0.7857142857142857,
      "f1": 0.8208955223880597,
      "roc_auc": 0.9905181347150258,
      "average_precision": 0.9127802090831926
    },
    "feature_count": 16,
    "numeric_features": [
      "air_temp_k",
      "process_temp_k",
      "rotational_speed_rpm",
      "torque_nm",
      "tool_wear_min",
      "temp_delta_k",
      "power_proxy",
      "wear_power_ratio",
      "torque_speed_ratio",
      "thermal_load",
      "wear_temp_stress",
      "high_torque_flag",
      "low_speed_flag"
    ],
    "categorical_features": [
      "product_type",
      "source_dataset",
      "wear_risk_band"
    ]
  },
  "evaluation": {
    "model_name": "GradientBoosting",
    "classification_metrics": {
      "accuracy": 0.988,
      "balanced_accuracy": 0.8905255366395263,
      "precision": 0.859375,
      "recall": 0.7857142857142857,
      "f1": 0.8208955223880597,
      "roc_auc": 0.9905181347150258,
      "average_precision": 0.9127802090831926
    },
    "confusion_matrix": {
      "tn": 1921,
      "fp": 9,
      "fn": 15,
      "tp": 55
    },
    "operations_metrics": {
      "alert_rate": 0.032,
      "failure_prevalence": 0.035,
      "captured_failures": 0.7857142857142857,
      "false_alarm_share": 0.140625,
      "operational_score": 0.8905255366395263,
      "recommended_threshold": 0.25,
      "best_balanced_threshold": 0.1
    },
    "threshold_curve": [
      {
        "threshold": 0.1,
        "balanced_accuracy": 0.9437823834196891,
        "precision": 0.7241379310344828,
        "recall": 0.9,
        "f1": 0.802547770700637,
        "alert_rate": 0.0435
      },
      {
        "threshold": 0.15,
        "balanced_accuracy": 0.910658771280533,
        "precision": 0.8055555555555556,
        "recall": 0.8285714285714286,
        "f1": 0.8169014084507042,
        "alert_rate": 0.036
      },
      {
        "threshold": 0.2,
        "balanced_accuracy": 0.9045521835677276,
        "precision": 0.8507462686567164,
        "recall": 0.8142857142857143,
        "f1": 0.8321167883211679,
        "alert_rate": 0.0335
      },
      {
        "threshold": 0.25,
        "balanced_accuracy": 0.8905255366395263,
        "precision": 0.859375,
        "recall": 0.7857142857142857,
        "f1": 0.8208955223880597,
        "alert_rate": 0.032
      },
      {
        "threshold": 0.3,
        "balanced_accuracy": 0.8910436713545522,
        "precision": 0.8870967741935484,
        "recall": 0.7857142857142857,
        "f1": 0.8333333333333334,
        "alert_rate": 0.031
      },
      {
        "threshold": 0.35,
        "balanced_accuracy": 0.8913027387120651,
        "precision": 0.9016393442622951,
        "recall": 0.7857142857142857,
        "f1": 0.8396946564885496,
        "alert_rate": 0.0305
      },
      {
        "threshold": 0.4,
        "balanced_accuracy": 0.891820873427091,
        "precision": 0.9322033898305084,
        "recall": 0.7857142857142857,
        "f1": 0.8527131782945736,
        "alert_rate": 0.0295
      },
      {
        "threshold": 0.45,
        "balanced_accuracy": 0.8851961509992599,
        "precision": 0.9642857142857143,
        "recall": 0.7714285714285715,
        "f1": 0.8571428571428571,
        "alert_rate": 0.028
      },
      {
        "threshold": 0.5,
        "balanced_accuracy": 0.8851961509992599,
        "precision": 0.9642857142857143,
        "recall": 0.7714285714285715,
        "f1": 0.8571428571428571,
        "alert_rate": 0.028
      },
      {
        "threshold": 0.55,
        "balanced_accuracy": 0.8780532938564026,
        "precision": 0.9636363636363636,
        "recall": 0.7571428571428571,
        "f1": 0.848,
        "alert_rate": 0.0275
      },
      {
        "threshold": 0.6,
        "balanced_accuracy": 0.8566247224278312,
        "precision": 0.9615384615384616,
        "recall": 0.7142857142857143,
        "f1": 0.819672131147541,
        "alert_rate": 0.026
      },
      {
        "threshold": 0.65,
        "balanced_accuracy": 0.8354552183567727,
        "precision": 0.9791666666666666,
        "recall": 0.6714285714285714,
        "f1": 0.7966101694915254,
        "alert_rate": 0.024
      },
      {
        "threshold": 0.7,
        "balanced_accuracy": 0.8211695040710585,
        "precision": 0.9782608695652174,
        "recall": 0.6428571428571429,
        "f1": 0.7758620689655172,
        "alert_rate": 0.023
      },
      {
        "threshold": 0.75,
        "balanced_accuracy": 0.8211695040710585,
        "precision": 0.9782608695652174,
        "recall": 0.6428571428571429,
        "f1": 0.7758620689655172,
        "alert_rate": 0.023
      },
      {
        "threshold": 0.8,
        "balanced_accuracy": 0.8211695040710585,
        "precision": 0.9782608695652174,
        "recall": 0.6428571428571429,
        "f1": 0.7758620689655172,
        "alert_rate": 0.023
      },
      {
        "threshold": 0.85,
        "balanced_accuracy": 0.8211695040710585,
        "precision": 0.9782608695652174,
        "recall": 0.6428571428571429,
        "f1": 0.7758620689655172,
        "alert_rate": 0.023
      },
      {
        "threshold": 0.9,
        "balanced_accuracy": 0.8071428571428572,
        "precision": 1.0,
        "recall": 0.6142857142857143,
        "f1": 0.7610619469026548,
        "alert_rate": 0.0215
      }
    ]
  },
  "leaderboard": [
    {
      "model_name": "GradientBoosting",
      "threshold": 0.25,
      "validation_accuracy": 0.986,
      "validation_balanced_accuracy": 0.8949256599043823,
      "validation_precision": 0.7971014492753623,
      "validation_recall": 0.7971014492753623,
      "validation_f1": 0.7971014492753623,
      "validation_roc_auc": 0.9378034959734012,
      "validation_average_precision": 0.8328373324636978,
      "test_accuracy": 0.987,
      "test_balanced_accuracy": 0.9037749814951888,
      "test_precision": 0.8142857142857143,
      "test_recall": 0.8142857142857143,
      "test_f1": 0.8142857142857143,
      "test_roc_auc": 0.9891672834937084,
      "test_average_precision": 0.9053090429918372
    },
    {
      "model_name": "RandomForest",
      "threshold": 0.4,
      "validation_accuracy": 0.989,
      "validation_balanced_accuracy": 0.882504371843079,
      "validation_precision": 0.8983050847457628,
      "validation_recall": 0.7681159420289855,
      "validation_f1": 0.828125,
      "validation_roc_auc": 0.9386591013141798,
      "validation_average_precision": 0.8140351115895783,
      "test_accuracy": 0.989,
      "test_balanced_accuracy": 0.884159881569208,
      "test_precision": 0.9,
      "test_recall": 0.7714285714285715,
      "test_f1": 0.8307692307692308,
      "test_roc_auc": 0.9892450037009622,
      "test_average_precision": 0.8841943998711201
    },
    {
      "model_name": "ExtraTrees",
      "threshold": 0.35,
      "validation_accuracy": 0.981,
      "validation_balanced_accuracy": 0.843424222637516,
      "validation_precision": 0.7384615384615385,
      "validation_recall": 0.6956521739130435,
      "validation_f1": 0.7164179104477612,
      "validation_roc_auc": 0.9246992247014764,
      "validation_average_precision": 0.7546500091163136,
      "test_accuracy": 0.9835,
      "test_balanced_accuracy": 0.8468911917098445,
      "test_precision": 0.8032786885245902,
      "test_recall": 0.7,
      "test_f1": 0.7480916030534351,
      "test_roc_auc": 0.984959289415248,
      "test_average_precision": 0.7917491488208246
    },
    {
      "model_name": "DeepLearning_TF",
      "threshold": 0.3,
      "validation_accuracy": 0.9805,
      "validation_balanced_accuracy": 0.8222029585932047,
      "validation_precision": 0.75,