model_name,threshold,validation_accuracy,validation_balanced_accuracy,validation_precision,validation_recall,validation_f1,validation_roc_auc,validation_average_precision,test_accuracy,test_balanced_accuracy,test_precision,test_recall,test_f1,test_roc_auc,test_average_precision
RandomForest,0.1,0.961,0.9088722445499939,0.4603174603174603,0.8529411764705882,0.5979381443298969,0.9688793995859213,0.8273678177156374,0.959,0.9291194738765072,0.4485294117647059,0.8970588235294118,0.5980392156862745,0.9753722141030324,0.8370809734294258
GradientBoosting,0.1,0.9815,0.8982005845816587,0.6962025316455697,0.8088235294117647,0.7482993197278912,0.9864472963098283,0.8594017707339294,0.9835,0.9276123492875411,0.7108433734939759,0.8676470588235294,0.7814569536423841,0.978980179028133,0.8950319402622671
LogisticRegression,0.45,0.8585,0.8841949823407624,0.18289085545722714,0.9117647058823529,0.3046683046683047,0.945203081232493,0.47037776032631945,0.8665,0.8812416270856169,0.19003115264797507,0.8970588235294118,0.31362467866323906,0.9474942150773353,0.53016888306244
ExtraTrees,0.1,0.947,0.880343441724516,0.3716216216216216,0.8088235294117647,0.5092592592592593,0.9654503105590062,0.7636908481404694,0.95,0.8960845207648277,0.3904109589041096,0.8382352941176471,0.5327102803738317,0.9772979844111558,0.7847653298367645
