{
  "best_model": "GradientBoosting",
  "metrics": {
    "accuracy": 0.988,
    "balanced_accuracy": 0.8905255366395263,
    "precision": 0.859375,
    "recall": 0.7857142857142857,
    "f1": 0.8208955223880597,
    "roc_auc": 0.9905181347150258,
    "average_precision": 0.9127802090831926
  },
  "feature_count": 16,
  "numeric_features": [
    "air_temp_k",
    "process_temp_k",
    "rotational_speed_rpm",
    "torque_nm",
    "tool_wear_min",
    "temp_delta_k",
    "power_proxy",
    "wear_power_ratio",
    "torque_speed_ratio",
    "thermal_load",
    "wear_temp_stress",
    "high_torque_flag",
    "low_speed_flag"
  ],
  "categorical_features": [
    "product_type",
    "source_dataset",
    "wear_risk_band"
  ],
  "threshold": 0.25,
  "headline_metric": "balanced_accuracy",
  "leaderboard_preview": [
    {
      "model_name": "GradientBoosting",
      "threshold": 0.25,
      "validation_accuracy": 0.986,
      "validation_balanced_accuracy": 0.8949256599043823,
      "validation_precision": 0.7971014492753623,
      "validation_recall": 0.7971014492753623,
      "validation_f1": 0.7971014492753623,
      "validation_roc_auc": 0.9378034959734012,
      "validation_average_precision": 0.8328373324636978,
      "test_accuracy": 0.987,
      "test_balanced_accuracy": 0.9037749814951888,
      "test_precision": 0.8142857142857143,
      "test_recall": 0.8142857142857143,
      "test_f1": 0.8142857142857143,
      "test_roc_auc": 0.9891672834937084,
      "test_average_precision": 0.9053090429918372
    },
    {
      "model_name": "RandomForest",
      "threshold": 0.4,
      "validation_accuracy": 0.989,
      "validation_balanced_accuracy": 0.882504371843079,
      "validation_precision": 0.8983050847457628,
      "validation_recall": 0.7681159420289855,
      "validation_f1": 0.828125,
      "validation_roc_auc": 0.9386591013141798,
      "validation_average_precision": 0.8140351115895783,
      "test_accuracy": 0.989,
      "test_balanced_accuracy": 0.884159881569208,
      "test_precision": 0.9,
      "test_recall": 0.7714285714285715,
      "test_f1": 0.8307692307692308,
      "test_roc_auc": 0.9892450037009622,
      "test_average_precision": 0.8841943998711201
    },
    {
      "model_name": "ExtraTrees",
      "threshold": 0.35,
      "validation_accuracy": 0.981,
      "validation_balanced_accuracy": 0.843424222637516,
      "validation_precision": 0.7384615384615385,
      "validation_recall": 0.6956521739130435,
      "validation_f1": 0.7164179104477612,
      "validation_roc_auc": 0.9246992247014763,
      "validation_average_precision": 0.7546500091163136,
      "test_accuracy": 0.9835,
      "test_balanced_accuracy": 0.8468911917098445,
      "test_precision": 0.8032786885245902,
      "test_recall": 0.7,
      "test_f1": 0.7480916030534351,
      "test_roc_auc": 0.9849592894152479,
      "test_average_precision": 0.7917491488208246
    },
    {
      "model_name": "DeepLearning_TF",
      "threshold": 0.3,
      "validation_accuracy": 0.9805,
      "validation_balanced_accuracy": 0.8222029585932047,
      "validation_precision": 0.75,
      "validation_recall": 0.6521739130434783,
      "validation_f1": 0.6976744186046512,
      "validation_roc_auc": 0.9290447991954308,
      "validation_average_precision": 0.7124994776320863,
      "test_accuracy": 0.979,
      "test_balanced_accuracy": 0.8032568467801628,
      "test_precision": 0.7413793103448276,
      "test_recall": 0.6142857142857143,
      "test_f1": 0.671875,
      "test_roc_auc": 0.9800518134715026,
      "test_average_precision": 0.6961555354816612
    },
    {
      "model_name": "NeuralNetwork_MLP",
      "threshold": 0.85,
      "validation_accuracy": 0.9815,
      "validation_balanced_accuracy": 0.8087459377509588,
      "validation_precision": 0.7962962962962963,
      "validation_recall": 0.6231884057971014,
      "validation_f1": 0.6991869918699187,
      "validation_roc_auc": 0.9178393713552339,
      "validation_average_precision": 0.722017046007614,
      "test_accuracy": 0.9805,
      "test_balanced_accuracy": 0.7971502590673575,
      "test_precision": 0.7924528301886793,
      "test_recall": 0.6,
      "test_f1": 0.6829268292682927,
      "test_roc_auc": 0.9802960769800149,
      "test_average_precision": 0.7424232311222508
    },
    {
      "model_name": "LogisticRegression",
      "threshold": 0.9,
      "validation_accuracy": 0.958,
      "validation_balanced_accuracy": 0.782601190342167,
      "validation_precision": 0.422680412371134,
      "validation_recall": 0.5942028985507246,
      "validation_f1": 0.4939759036144578,
      "validation_roc_auc": 0.9112121826192031,
      "validation_average_precision": 0.5256176461633093,
      "test_accuracy": 0.9635,
      "test_balanced_accuracy": 0.8089933382679497,
      "test_precision": 0.4838709677419355,
      "test_recall": 0.6428571428571429,
      "test_f1": 0.5521472392638037,
      "test_roc_auc": 0.965440414507772,
      "test_average_precision": 0.6547604234575607
    }
  ]
}