{
  "best_model": "RandomForest",
  "metrics": {
    "accuracy": 0.961,
    "balanced_accuracy": 0.9301546705638777,
    "precision": 0.4621212121212121,
    "recall": 0.8970588235294118,
    "f1": 0.61,
    "roc_auc": 0.9784397454634027,
    "average_precision": 0.8427208372170278
  },
  "feature_count": 16,
  "numeric_features": [
    "air_temp_k",
    "process_temp_k",
    "rotational_speed_rpm",
    "torque_nm",
    "tool_wear_min",
    "temp_delta_k",
    "power_proxy",
    "wear_power_ratio",
    "torque_speed_ratio",
    "thermal_load",
    "wear_temp_stress",
    "high_torque_flag",
    "low_speed_flag"
  ],
  "categorical_features": [
    "product_type",
    "source_dataset",
    "wear_risk_band"
  ],
  "threshold": 0.1,
  "headline_metric": "balanced_accuracy",
  "leaderboard_preview": [
    {
      "model_name": "RandomForest",
      "threshold": 0.1,
      "validation_accuracy": 0.961,
      "validation_balanced_accuracy": 0.9088722445499939,
      "validation_precision": 0.4603174603174603,
      "validation_recall": 0.8529411764705882,
      "validation_f1": 0.5979381443298969,
      "validation_roc_auc": 0.9688793995859213,
      "validation_average_precision": 0.8273678177156374,
      "test_accuracy": 0.959,
      "test_balanced_accuracy": 0.9291194738765072,
      "test_precision": 0.4485294117647059,
      "test_recall": 0.8970588235294118,
      "test_f1": 0.5980392156862745,
      "test_roc_auc": 0.9753722141030324,
      "test_average_precision": 0.8370809734294258
    },
    {
      "model_name": "GradientBoosting",
      "threshold": 0.1,
      "validation_accuracy": 0.9815,
      "validation_balanced_accuracy": 0.8982005845816587,
      "validation_precision": 0.6962025316455697,
      "validation_recall": 0.8088235294117647,
      "validation_f1": 0.7482993197278912,
      "validation_roc_auc": 0.9864472963098283,
      "validation_average_precision": 0.8594017707339294,
      "test_accuracy": 0.9835,
      "test_balanced_accuracy": 0.9276123492875411,
      "test_precision": 0.7108433734939759,
      "test_recall": 0.8676470588235294,
      "test_f1": 0.7814569536423841,
      "test_roc_auc": 0.978980179028133,
      "test_average_precision": 0.8950319402622671
    },
    {
      "model_name": "LogisticRegression",
      "threshold": 0.45,
      "validation_accuracy": 0.8585,
      "validation_balanced_accuracy": 0.8841949823407624,
      "validation_precision": 0.18289085545722714,
      "validation_recall": 0.9117647058823529,
      "validation_f1": 0.3046683046683047,
      "validation_roc_auc": 0.945203081232493,
      "validation_average_precision": 0.47037776032631945,
      "test_accuracy": 0.8665,
      "test_balanced_accuracy": 0.8812416270856169,
      "test_precision": 0.19003115264797507,
      "test_recall": 0.8970588235294118,
      "test_f1": 0.31362467866323906,
      "test_roc_auc": 0.9474942150773353,
      "test_average_precision": 0.53016888306244
    },
    {
      "model_name": "ExtraTrees",
      "threshold": 0.1,
      "validation_accuracy": 0.947,
      "validation_balanced_accuracy": 0.880343441724516,
      "validation_precision": 0.3716216216216216,
      "validation_recall": 0.8088235294117647,
      "validation_f1": 0.5092592592592593,
      "validation_roc_auc": 0.9654503105590062,
      "validation_average_precision": 0.7636908481404694,
      "test_accuracy": 0.95,
      "test_balanced_accuracy": 0.8960845207648277,
      "test_precision": 0.3904109589041096,
      "test_recall": 0.8382352941176471,
      "test_f1": 0.5327102803738317,
      "test_roc_auc": 0.9772979844111558,
      "test_average_precision": 0.7847653298367645
    }
  ]
}